,category,image,name,price,old_price,rate,delivery,msg,user,link
0,Nuevo,https://static.chollometro.com/threads/thread_large/default/205159_1.jpg,Xiaomi XGIMI H2,"619,87€",800€,(-23%),Gratis,"Oferta flash de BangGood, del 9 al 13 de septiempre. Llevo un tiempo ojeando un Xgimi para casa, y la verdad es que nunca lo vi a ese precio. Si pagas con Paypal (recomendable) te …",Racal,https://www.chollometro.com/visit/thread/205159
1,Nuevo,https://static.chollometro.com/threads/thread_large/default/205157_1.jpg,Silla Gaming / oficina Woxter Stinger Station Army Green,40€,"98,99€",(-60%),Gratis,"A 100 euros en amazon, chollazoooooooooo En camuflaje azul: https://www.fnac.es/mp6816062/Silla-Gaming-oficina-Woxter-Stinger-Station-Army-Blue-altura-ajustable/w-4",Darkdeckard,https://www.chollometro.com/visit/thread/205157
2,-2°,https://static.chollometro.com/threads/thread_large/default/205154_1.jpg,Camisa Levi's a - 87% Talla XS,"9,08€",70€,(-87%),...,Camisa Levi's a menos 87% Talla XS,Floflo,https://www.chollometro.com/visit/thread/205154
3,30°,https://static.chollometro.com/threads/thread_large/default/205152_1.jpg,Ginebra Pilloni Old Grifu - 700 ml.,"26,37€","37,85€",(-30%),...,"Old Grifu está envejecido y con un contenido de alcohol del 42%. Tiene una destilación ligeramente más rápida que su hermano Grifu Gin, lo que le permite obtener una fragancia má…",Khashur,https://www.chollometro.com/visit/thread/205152
4,69°,https://static.chollometro.com/threads/thread_large/default/205151_1.jpg,XIAOMI Mijia Wiha 24 in 1 Destornilladores de precisión - Desde España,"14,25€",...,Gratis,...,Kit de precisión de gran calidad formado por 21 puntas y un estuche de aluminio magnético con identificación de cada tipo y tamaño de punta. Wiha es una marca de reconocida calidad…,Richarito,https://www.chollometro.com/visit/thread/205151
5,-21°,https://static.chollometro.com/threads/thread_large/default/205149_2.jpg,Comedor de Teka para jardin,"399,99€","899,99€",(-56%),,He encontrado un comedor de teka para jardín con mesa + 6 sillas por 400 euros cuando su precio original son 900. Más del 50% de descuento. Por lo que veo es una oferta flash que d…,Plantslover,https://www.chollometro.com/visit/thread/205149
6,Alertas gratis,...,...,Gratis,...,...,...,...,Chollometro,https://t.me/chollometro
7,87°,https://static.chollometro.com/threads/thread_large/default/205147_1.jpg,Moda Unisex calcetines cortos 3D patatas chips,"0,98€",...,Gratis,...,Moda Unisex calcetines cortos 3D patatas chips,JuanCarloskeno,https://www.chollometro.com/visit/thread/205147
8,-69°,https://static.chollometro.com/threads/thread_large/default/205146_1.jpg,Nuevo Ipod Touch 2019 de 256gb,"296,32€",459€,(-35%),Gratis,"Para quien le interese el nuevo iPod Touch de 7ª generación, en Amazon podemos encontrar el color Plata en su versión de más capacidad (256gb), por un precio bastante rebajado con …",Jordi_Garciay64,https://www.chollometro.com/visit/thread/205146
9,Resumen gratis,...,...,...,...,...,...,...,Chollometro,...
10,50°,https://static.chollometro.com/threads/thread_large/default/205145_1.jpg,"Larios Gin 150 Aniversario por 15,99€","15,99€",21€,(-24%),...,"Buen precio para esta Ginebra Larios edición especial 150 aniversario en formato de 700ml, suele costar unos 21€ :D :D",jfam,https://www.chollometro.com/visit/thread/205145
11,87°,https://static.chollometro.com/threads/thread_large/default/205142_1.jpg,10% en todos los neumáticos,...,...,...,...,Descuento del 10% en todos los neumáticos en Norauto al comprarlos por la web e incluir el servicio de montaje. Sólo hasta el 15 de septiembre.,Franetik,https://www.chollometro.com/visit/thread/205142
12,125°,https://static.chollometro.com/threads/thread_large/default/205141_1.jpg,Seagate Expansion 8TB USB 3.0 solo 149€,149€,190€,(-22%),...,"Vuelve ahora más barato desde Amazon Alemania este disco duro sobremesa de Seagate, con 8TB de capacidad y conexión USB 3.0. Una de las mejores marcas del mercado por su fiablidad…",descuentos,https://www.chollometro.com/visit/thread/205141
13,153°,https://static.chollometro.com/threads/thread_large/default/205138_1.jpg,"1 par divertidos calcetines Unisex de arte ""sin comentarios...""","1,81€",...,Gratis,...,"1 par divertidos calcetines Unisex de arte ""sin comentarios... (lol) """,JuanCarloskeno,https://www.chollometro.com/visit/thread/205138
14,39°,https://static.chollometro.com/threads/thread_large/default/205136_1.jpg,JUEGO DE 3 SARTENES Y 2 TAPAS REVESTIMIENTO CERAMICA CON COBRE + JUEGO DE CUCHILLOS COPPER KNIFES,"24,99€",...,Gratis,...,"Juego de 3 sartenes con bases de 20, 24 y 28 cm de diámetro + 2 tapas de cristal (24 y 28) Apto para todo tipo de cocinas Refuerzos de aluminio de alta calidad de 2,5mm muy resiste…",CIS,https://www.chollometro.com/visit/thread/205136
15,132°,https://static.chollometro.com/threads/thread_large/default/205139_1.jpg,2X Encendedores eléctricos TACKLIFE,"8,99€",13€,(-31%),Gratis,,Sprivados,https://www.chollometro.com/visit/thread/205139
16,67°,https://static.chollometro.com/threads/thread_large/default/205135_1.jpg,"Liderpapel DS54 - Carpeta, 260 x 140 mm, color azul","0,57€",...,...,...,"Liderpapel DS54 - Carpeta, 260 x 140 mm, color azul",sgarcia92,https://www.chollometro.com/visit/thread/205135
17,145°,https://static.chollometro.com/threads/thread_large/default/205134_1.jpg,"5 cómics Hulk, 4 fantásticos, Vengadores, Mistery y Capitán América (Marvell)",...,...,...,...,,Rebajas,https://www.chollometro.com/visit/thread/205134
18,132°,https://static.chollometro.com/threads/thread_large/default/205133_1.jpg,"Pantalla proyector 80"" + soportes","47,99€",59€,(-19%),Gratis,,Sprivados,https://www.chollometro.com/visit/thread/205133
19,-21°,https://static.chollometro.com/threads/thread_large/default/205131_1.jpg,Poly Bridge 1.64€ STEAM!! ¡OFERTA DEL DÍA!,"1,64€","8,19€",(-80%),...,ACERCA DE ESTE JUEGO: Desata tu creatividad ingenieril en este novedoso y divertido simulador de construcción de puentes . Disfruta de una multitud de desafíos de ingenio basados …,walriporri,https://www.chollometro.com/visit/thread/205131
20,14°,https://static.chollometro.com/threads/thread_large/default/205130_1.jpg,robot aspiradora Xiaomi Roborock Xiaowa E352,259€,289€,(-10%),...,Aqui os pongo este chollo que creo es bueno . El robot se encuentra en la tienda xiaomi del centro comercial miramar de Fuengirola. Su precio es 289 euros pero por nuevos socios X…,Jose_Vasco,https://www.chollometro.com/visit/thread/205130
21,64°,https://static.chollometro.com/threads/thread_large/default/205129_1.jpg,Wonderland W40011 - Disfraz de Mujer (Talla L) producto plus,"3,87€",...,...,...,Wonderland W40011 - Disfraz de Mujer (Talla L),sgarcia92,https://www.chollometro.com/visit/thread/205129
22,32°,https://static.chollometro.com/threads/thread_large/default/205128_1.jpg,Reloj para mujer Skagen 358SGSCD,50€,100€,(-50%),...,"Preciazo para un reloj de firma danesa, de diseño nórdico. Si bien marca 120€ como precio original, lo normal es encontrarlos por 90€-100€. En Amazon España ahora mismo está a 96…",SinPerdon,https://www.chollometro.com/visit/thread/205128
23,27°,https://static.chollometro.com/threads/thread_large/default/205126_1.jpg,Tablet Teclast T8,"99,72€",140€,(-29%),Gratis,Chollito en bangood de una tablet para los que no sean muy exigentes. Yo se la he comprado a mi madre. Teclast T8 MT8176 4G RAM 64G ROM Android 7.0 OS 8.4 Pulgadas,Javier_Julian,https://www.chollometro.com/visit/thread/205126
24,49°,https://static.chollometro.com/threads/thread_large/default/205122_1.jpg,PAÑALES CARREFOUR 3X2,...,...,...,...,"Último día para conseguir la ofertaza del 3x2 en pañales para los críos , gran ahorro. Todas las tallas en la oferta .... A por ellos!",pancef,https://www.chollometro.com/visit/thread/205122
25,-1°,https://static.chollometro.com/threads/thread_large/default/205127_1.jpg,J.Rosée - Colgante con forma de corazón,"1,60€","14,99€",(-89%),Gratis,,Richarito,https://www.chollometro.com/visit/thread/205127
26,41°,https://static.chollometro.com/threads/thread_large/default/205124_1.jpg,Pack de 2 enchufes inteligentes compatibles con Alexa,"10,90€",20€,(-46%),Gratis,,Richarito,https://www.chollometro.com/visit/thread/205124
27,153°,https://static.chollometro.com/threads/thread_large/default/205121_1.jpg,Portatil Lenovo Ideapad S540 i7 512GB SSD,799€,900€,(-11%),Gratis,,Sprivados,https://www.chollometro.com/visit/thread/205121
28,99°,https://static.chollometro.com/threads/thread_large/default/205120_1.jpg,Funko Pop! - James Bond Roger Moore [PLUS],"5,50€","9,99€",(-45%),Gratis,"Pese a ser un producto plus, está super bien de precio y se puede añadir junto con algún otro chollito de Chollometro :p Este es Roger Moore POP. Personaje se une a la colección…",Richarito,https://www.chollometro.com/visit/thread/205120
29,83°,https://static.chollometro.com/threads/thread_large/default/205118_1.jpg,"PUMA ICRA Trainer SD, Zapatillas Unisex Adulto","24,95€",47€,(-47%),Gratis,"Disponibles en la gran mayoría de tallas, con un buen stock. Materiales: Material exterior: Cuero Revestimiento: Sintético Material de la suela: Goma Cierre: Cordones Tipo…",Richarito,https://www.chollometro.com/visit/thread/205118
30,117°,https://static.chollometro.com/threads/thread_large/default/205117_1.jpg,Beats by Dr. Dre Auriculares Abiertos - Solo3 Wireless,"179,99€",280€,(-36%),Gratis,"Unos cascos, que pese a su escasa almohadilla, tiene una cancelación de ruido INCREIBLE, a mi personalmente de las veces que los he probado, me han gustado muchísimo. Están dispon…",Richarito,https://www.chollometro.com/visit/thread/205117
31,106°,https://static.chollometro.com/threads/thread_large/default/205116_1.jpg,Ubisoft - Figurina Six Collection Series 2 Hibana,"7,99€",18€,(-56%),Gratis,"Para los fans de Hibana, está bien barata su figura. Continuación de la popular Six Collection Figuras de gran detalle, inspiradas en los agentes de Rainbow Six Siege Material…",Richarito,https://www.chollometro.com/visit/thread/205116
32,65°,https://static.chollometro.com/threads/thread_large/default/205114_1.jpg,Mini McFlurry kit Kat,1€,...,...,...,"Buenas choller@s!!! Esta semana en la oferta black se la semana, el Mini McFlurry de kit Kat a 1€ Me necesita la app. Espero que lo disfrutéis!!! :)",Amante_Rechoncho,https://www.chollometro.com/visit/thread/205114
33,-22°,https://static.chollometro.com/threads/thread_large/default/205110_1.jpg,Xiaomi Mi 9T 6GB+128GB Rojo,299€,350€,(-15%),Gratis,Preciazo de esta bestia de móvil con envió en dos días desde España.,Adri_Vaquero,https://www.chollometro.com/visit/thread/205110
34,182°,https://static.chollometro.com/threads/thread_large/default/205115_1.jpg,2X Cinturones seguridad para perros,"3,99€",10€,(-60%),Gratis,,Sprivados,https://www.chollometro.com/visit/thread/205115
35,77°,https://static.chollometro.com/threads/thread_large/default/205109_1.jpg,Robot Aspirador Roborock S6 Blanco,"399,90€","529,90€",(-25%),...,"CARACTERÍSTICAS Ver menos características Potencia 58 W Depósito (Bolsa) 480 ml Peso 3,6 Kg Dimensiones 35,3 x 35 x 9,6 cm Constructor Roborock Potencia de succión 2000 Pa Nivel de…",LuisMiguel_Igea,https://www.chollometro.com/visit/thread/205109
36,73°,https://static.chollometro.com/threads/thread_large/default/205102_1.jpg,Ryzen 3700X,"329,91€","371,25€",(-11%),...,"Poco que decir de este gran micro. Nacido para luchar de tú a tú con el 9700k de Intel, con 8 núcleos y 16 hilos. Me parece un gran precio. En Amazon lo podemos conseguir a 357 de …",Bangalter,https://www.chollometro.com/visit/thread/205102
37,69°,https://static.chollometro.com/threads/thread_large/default/205098_1.jpg,Acondicionador Brillo Pepino Y Té Verde Herbal Essences 400 ml,2€,4€,(-50%),Gratis,,Maria_jb,https://www.chollometro.com/visit/thread/205098
38,334°,https://static.chollometro.com/threads/thread_large/default/205104_1.jpg,100.000 plazas a Europa desde 12 € - Vueling,12€,...,...,...,"Vueling vuelve a ofrecer plazas a precios bajísimos . En concreto, esta vez con precios desde los 12€ en plazas para destinos de toda Europa. Compra tu billete entre el 10…",Emilio9,https://www.chollometro.com/visit/thread/205104
39,44°,https://static.chollometro.com/threads/thread_large/default/205103_1.jpg,Inspiron 13 5000,799€,999€,(-20%),Gratis,,Jorge_Onee,https://www.chollometro.com/visit/thread/205103
40,157°,https://static.chollometro.com/threads/thread_large/default/205101_1.jpg,Juego de mesa Viento del norte.,"18,75€",40€,(-53%),Gratis,"Diseñado por klaus teuber (catán), viento del norte es un juego de aventuras familiar en el que los jugadores toman el papel de capitanes mercantes que tratan de comerciar entre la…",Emilio_GonzalezKXS,https://www.chollometro.com/visit/thread/205101
41,107°,https://static.chollometro.com/threads/thread_large/default/205099_1.jpg,"Scotland Yard, Juego de Mesa ","27,99€","39,99€",(-30%),Gratis,El gran juego de investigación Scotland Yard es un juego de tablero en el que se confrontan la capacidad de intuición y de táctica de un jugador (Mister X) con la habilidad estraté…,Emilio_GonzalezKXS,https://www.chollometro.com/visit/thread/205099
42,165°,https://static.chollometro.com/threads/thread_large/default/205094_1.jpg,"Portátil Medion Akoya S6445 Intel Core i5-8265U/4GB/128GB SSD/15.6""",399€,700€,(-43%),...,"Especificaciones Medion Akoya S6445: Procesador Intel Core i5-8265U (frecuencia base de 1,6 GHz, hasta 3,9 GHz con tecnología Intel® TurboBoost, 6 MB de caché, 4 núcleos) Memori…",Mado_328,https://www.chollometro.com/visit/thread/205094
43,77°,https://static.chollometro.com/threads/thread_large/default/205093_2.jpg,"Mochilla Unisex, 16 L (13 x 27 x 38 cm)","22,20€",...,Gratis,...,Caída de precio de esta mochila escolar en varios colores,Txerra,https://www.chollometro.com/visit/thread/205093
44,72°,https://static.chollometro.com/threads/thread_large/default/205091_1.jpg,USB SanDisk Ultra Dual m3.0 de 256 GB con USB 3.0 y hasta 150 MB/s,"45,29€","69,99€",(-35%),Gratis,Memoria Flash USB SanDisk Ultra Dual m3.0 de 256 GB con USB 3.0 y hasta 150 MB/s,Destrangis,https://www.chollometro.com/visit/thread/205091
45,132°,https://static.chollometro.com/threads/thread_large/default/205090_1.jpg,WD Elements 8 Tb Desktop - Disco duro externo de sobremesa,"151,99€",199€,(-24%),Gratis,WD Elements Desktop - Disco duro externo de sobremesa de 8 TB Transferencias de datos rápidas Almacenamiento adicional de gran capacidad Listo para conectar y usar con ordenad…,Destrangis,https://www.chollometro.com/visit/thread/205090
46,187°,https://static.chollometro.com/threads/thread_large/default/205084_1.jpg,"AOC Gaming G2590PX/G2 Monitor 24.5"",144Hz, 1 ms","179,03€",279€,(-36%),Gratis,"AOC Gaming G2590PX/G2 Pantalla para PC 62,2 cm (24.5"") Full HD LCD Plana Mate Negro - Monitor (62,2 cm (24.5""), 1920 x 1080 Pixeles, Full HD, LCD, 1 ms 5 x g2 esports diseñados …",Destrangis,https://www.chollometro.com/visit/thread/205084
47,154°,https://static.chollometro.com/threads/thread_large/default/205089_1.jpg,"Lenovo L24i-10 - Monitor de 23.8"" Full HD","99,99€",139€,(-28%),Gratis,"Pantalla de 23.8"", con una resolución de 1920 x 1080 pixeles Tiempo de respuesta: 4 ms Ofrece una relación de contraste de 1000:1 Longitud del cable: 1.8 metros",Destrangis,https://www.chollometro.com/visit/thread/205089
48,85°,https://static.chollometro.com/threads/thread_large/default/205087_1.jpg,1 Mes de Xbox Game Pass GRATIS,GRATIS,15€,...,Gratis,Te registras y listo! Y si ya tienes una suscripción activa se acumulan los meses,Trujimelas,https://www.chollometro.com/visit/thread/205087
49,52°,https://static.chollometro.com/threads/thread_large/default/205083_1.jpg,Whiskey Few Rye - 700 ml.,"36,21€","64,59€",(-44%),...,"Sólo 1 en stock. Para el más rápido. FEW Spirits es una destilería artesanal estadounidense ubicada en Evanston, Illinois, a las afueras de Chicago. Se enorgullecen de producir …",Khashur,https://www.chollometro.com/visit/thread/205083
50,237°,https://static.chollometro.com/threads/thread_large/default/205086_1.jpg,"AOC 22B1H - Monitor de 21,5 Freesync Full Hd","67,87€","99,99€",(-32%),Gratis,Muy buen precio en Worten y con envio gratis. Impresionante pantalla FULL HD: disfruta de una calidad de imagen inmaculada con una resolución de 1920 x 1089 Diseño de bisel e…,Destrangis,https://www.chollometro.com/visit/thread/205086
51,485°,https://static.chollometro.com/threads/thread_large/default/205081_1.jpg,8 películas Harry Potter + Animales fantásticos (blu-ray) a preciazo!!!,"31,98€","59,90€",(-47%),...,"Buenas choller@s!!! Esta noche os traigo todas las películas de Harry Potter + la de animales fantásticos por 31,98€ y en Blu-ray!!! A 3,55€ la película!!! Aunque el título esté…",Amante_Rechoncho,https://www.chollometro.com/visit/thread/205081
52,159°,https://static.chollometro.com/threads/thread_large/default/205079_1.jpg,Xiaomi Redmibook 14,"551,24€","677,96€",(-19%),,,Machuwey,https://www.chollometro.com/visit/thread/205079
53,131°,https://static.chollometro.com/threads/thread_large/default/205078_1.jpg,Vestido para mujer Talla S (Producto plus),"5,10€",...,...,...,Sólo queda uno !!! 100% Poliuretano Manga corta Camisa,Miressa,https://www.chollometro.com/visit/thread/205078
54,207°,https://static.chollometro.com/threads/thread_large/default/205076_2.jpg,"PORTATIL ASUS S412UA-BV159T CORE i3-7020u 8GB DDR4 SSD 256GB 14"" HD 1.5KG W10",399€,599€,(-33%),Gratis,"El ASUS VivoBook 14 es un compacto portátil que pronuncia la sensación de inmersión cuando trabajas o te relajas con tus contenidos favoritos. Rodeada de marcos de 5,7 mm y con una…",hyoga1979,https://www.chollometro.com/visit/thread/205076
55,79°,https://static.chollometro.com/threads/thread_large/default/205075_1.jpg,"Monitor Dell Alienware 34"" AW3418DW 120hz (MÍNIMO HISTÓRICO) (SOLO HASTA 10 SEPT)!!","769,96€","989,99€",(-22%),...,"Monitor para juegos de 34 pulgadas que cuenta con una pantalla curva, resolución WQHD, iluminación AlienFX personalizable para disfrutar de una acción aún más trepidante y tecnolog…",FranKiieXIV,https://www.chollometro.com/visit/thread/205075
56,155°,https://static.chollometro.com/threads/thread_large/default/205071_1.jpg,Only chaqueta para mujer (talla36),"12,67€","59,90€",(-79%),Gratis,"Hay varias tallas por unos euros más, también está en rosa. glazed/pearl biker jacket faux leather 85% Viscosa, 15% Poliéster Cierre: Zip Estilo del cuello: cuello congre…",Miressa,https://www.chollometro.com/visit/thread/205071
57,357°,https://static.chollometro.com/threads/thread_large/default/205069_1.jpg,NOX NXCBAYVX Semitorre Negra/Azul Reacondicionada,"24,99€",65€,(-62%),...,"Hola buenas, respondiendo a un comentario de un hilo de por aquí, encontré esta torre que tengo en un equipo mio y la verdad que me a salido genial y esta muy bien de gama media, l…",Perico_L,https://www.chollometro.com/visit/thread/205069
58,191°,https://static.chollometro.com/threads/thread_large/default/205070_1.jpg,Juego Cuchillos Aicok Base 360º solo 25.9€,"25,90€",46€,(-44%),...,,descuentos,https://www.chollometro.com/visit/thread/205070
59,100°,https://static.chollometro.com/threads/thread_large/default/205066_1.jpg,Only chaqueta para mujer (talla L),"15,99€",...,Gratis,...,"Chaqueta de entretiempo talla L, en rosa al precio indicado y en verde por algo más de dos euros. parka jacket short shell parka 60% Poliamida, 40% Poliéster Estilo del cuello…",Miressa,https://www.chollometro.com/visit/thread/205066
60,37°,https://static.chollometro.com/threads/thread_large/default/205065_1.jpg,Figura Funko Star Wars Episodio VIII - Rose,"2,50€",5€,(-50%),...,"Ofertas flash en Fnac. Hay algunos interesantes a 7,50.",BraisDeNiro,https://www.chollometro.com/visit/thread/205065
61,502°,https://static.chollometro.com/threads/thread_large/default/205061_1.jpg,Nintendo Switch con Joy-Con Gris a 241€,"241,30€",299€,(-19%),...,"Preciazo desde eGlobalCentral para esta Nintendo Switch con Joy-Con Gris, difícil encontrarla más barata, sin duda (cheeky) (cheeky) Otras opciones por debajo de 250€: Switc…",jfam,https://www.chollometro.com/visit/thread/205061
62,347°,https://static.chollometro.com/threads/thread_large/default/205060_1.jpg,Combo Teclado y Ratón Gaming GAMDIAS GKC1002 (Mecánico - Idioma Español - Iluminado),18€,"35,99€",(-50%),...,"Oferta de la Mega Noche de Worten. Es un combo de teclado mecánico y ratón por 18€, el teclado según reviews de Amazon está hecho de metal y dura bastante. GAMDIAS Certified Red S…",Luis_GonzalezmC6,https://www.chollometro.com/visit/thread/205060
63,743°,https://static.chollometro.com/threads/thread_large/default/205059_1.jpg,Xbox one X en Mediamarkt Rivas (Madrid).,289€,...,...,...,"Vengo de alli y quedaba una, era última hora ya asique no creo que la hayan comprado, estará disponible mañana si a alguien le interesa.",Boyoky,https://www.chollometro.com/ofertas/xbox-one-x-en-mediamarkt-rivas-madrid-205059
64,1244°,https://static.chollometro.com/threads/thread_large/default/205062_1.jpg,Disco duro Seagate 1TB externo,"5,91€",70€,(-92%),...,"Sin stock, pero deja pedir... para jugones (y no de Xbox)",elteclas,https://www.chollometro.com/visit/thread/205062
65,131°,https://static.chollometro.com/threads/thread_large/default/205058_2.jpg,Funda Clear View Note 10+,"24,47€","54,95€",(-55%),...,"Funda Original de Samsung para el nuevo Note 10+ modelo Clear view, que nos permite ver información e interacturar con ella, ademas del clasico wake Up / Sleep. Calidad original y …",SergioCaPal,https://www.chollometro.com/visit/thread/205058
66,283°,https://static.chollometro.com/threads/thread_large/default/205056_1.jpg,Mono BOGOTTO para montar en moto.,"199,99€",...,...,FC Moto,"Bogotto ST-Evo traje de cuero de motocicleta de dos piezas Diseñado para un viaje largo y sin complicaciones - Además de la seguridad, el traje Bogotto ST-Evo de 2 piezas también …",faximar_imar,https://www.chollometro.com/visit/thread/205056
67,153°,https://static.chollometro.com/threads/thread_large/default/205057_1.jpg,Vuelve el ratón inalambrico VictSing a buen precio,"6,99€","9,99€",(-30%),...,"Este es un nuevo ratón inalámbrico de alta calidad con DPI de 5 niveles ajustables (2400 Superior ) y 6 botones. El ratón de VicTsing tiene fiabilidad, facilidad de uso y comodidad…",Powa_,https://www.chollometro.com/visit/thread/205057
68,160°,https://static.chollometro.com/threads/thread_large/default/205054_1.jpg,Vestido Corto Evasé Mujer Talla 40,"12,60€",42€,(-70%),Gratis,Marca Amazon - find. Vestido Corto Evasé Mujer Talla 40,Kata_Kroker,https://www.chollometro.com/visit/thread/205054
69,57°,https://static.chollometro.com/threads/thread_large/default/205052_1.jpg,TV Samsung QE65Q900R últimas unidades en el corte inglés de avilés,2799€,3900€,(-28%),...,"Samsung QE65Q900R 65"" QLED UltraHD 8K",david_lazaro,https://www.chollometro.com/ofertas/tv-ultimas-unidades-en-el-corte-ingles-de-aviles-205052
70,178°,https://static.chollometro.com/threads/thread_large/default/205051_1.jpg,Astrapahl Vestido para Mujer Talla 34 (Plus),"5,37€",...,Gratis,...,Vestido negro de la talla 34. Es un producto Plus y normalmente sube el precio a casi 60€ en tallas superiores. Con estos productos Plus podéis hacer el truco de añadir productos f…,Kata_Kroker,https://www.chollometro.com/visit/thread/205051
71,220°,https://static.chollometro.com/threads/thread_large/default/205050_1.jpg,BUGATTI Chaqueta de Traje para Hombre Talla 44,"39,31€","199,28€",(-80%),Gratis,"Carísima chaqueta de la marca Bugatti. En el resto de tallajes se dispara el precio pero si tenéis la suerte de tener la 44, éste es vuestro chollo. NOTA.- Podéis revisar otras tal…",Kata_Kroker,https://www.chollometro.com/visit/thread/205050
72,157°,https://static.chollometro.com/threads/thread_large/default/205049_1.jpg,Ratón Gaming E-BLUE Cobra II,7€,"14,99€",(-53%),...,"Ficha Técnica Ratón Gaming E-BLUE Cobra II Características específicas Alcance (m) 1,8 m Tipología Ratón Tipo de alimentación USB Compatibilidad Windows y Mac Edad mínima recomend…",Samarkando,https://www.chollometro.com/visit/thread/205049
73,214°,https://static.chollometro.com/threads/thread_large/default/205048_1.jpg,Silla oficina Ajustable solo 32.5€,"32,50€",50€,(-35%),...,"Buen precio para esta silla de oficina. Tiene una altura de 102 cm, de los cuales, 43 cm son del respaldo y aguanta un peso de 90kg. Es giratoria 360º y reclinable. https://www.…",descuentos,https://www.chollometro.com/visit/thread/205048
74,158°,https://static.chollometro.com/threads/thread_large/default/205047_1.jpg,Alfombrilla Gaming N'PLAY Glide 4.0 Soft (Negro),"3,56€","8,99€",(-60%),...,Características específicas TipologíaGaming Superficie de telaSí Base antideslizanteSí Base de gelNo Apoyo para muñecaNo Grosor0.2 cm,Samarkando,https://www.chollometro.com/visit/thread/205047
75,307°,https://static.chollometro.com/threads/thread_large/default/205043_1.jpg,400 palillos de dientes de bambú [0.18€ el paquete],"0,36€",...,Gratis,...,"Vuelve la oferta de en joybuy la cual nos sale un paquete de palillos por 18 céntimos, lo malo, que hacen falta 2 para conseguir el precio, lo bueno, están tirados de precio. :) …",Capiloky,https://www.chollometro.com/visit/thread/205043
76,205°,https://static.chollometro.com/threads/thread_large/default/205042_1.jpg,Huawei Mate 20x 6/128 + Band 3E,599€,899€,(-33%),Gratis,"Oferta del día! Telefonazo a un precio más que bueno, una cámara triple muy buena y uno de los mejores procesadores del mercado. Huawei kirin 980, el primer chipset de ia móvil …",Sr_Eko,https://www.chollometro.com/visit/thread/205042
77,74°,https://static.chollometro.com/threads/thread_large/default/205045_1.jpg,"Asus Zenbook Pro 14 UX480 - i7, 512GB SSD, 16GB RAM, GTX 1050 4GB",1199€,1499€,(-20%),...,"Un portátil que no necesita presentación, y a un precio difícil de ver. Portabilidad y productividad elevados al máximo exponente. Abstenerse aquellos que no entienden el concepto …",manu599,https://www.chollometro.com/visit/thread/205045
78,145°,https://static.chollometro.com/threads/thread_large/default/205044_1.jpg,Mega Noche de Worten,...,...,...,...,Ofertas exclusivas desde las 18 a las 10 (y),Samarkando,https://www.chollometro.com/visit/thread/205044
79,289°,https://static.chollometro.com/threads/thread_large/default/205041_1.jpg,"Monitor DELL ALIENWARE AW2518HF 25""",244€,"379,99€",(-36%),...,Juego ininterrumpido con vistas increíbles Monitor para juegos de 25 pulgadas con una frecuencia de actualización de 240 Hz y un tiempo de respuesta de 1 ms. Incorpora la tecnolog…,Samarkando,https://www.chollometro.com/visit/thread/205041
80,178°,https://static.chollometro.com/threads/thread_large/default/205040_1.jpg,Chantelle Saint Michel Sujetador (Varias tallas),"16,56€",...,Gratis,...,"Las ofertas en las siguientes tallas: 80G--16,56€ 85D--20,33€ _________________________________ Y esta otra talla en negro 95C--17€",Kata_Kroker,https://www.chollometro.com/visit/thread/205040
81,224°,https://static.chollometro.com/threads/thread_large/default/205037_1.jpg,Pack de 60 cartuchos cortos universales azul BIC [PLUS],"4,98€",...,Gratis,...,"Hola escritor@s. (highfive) Aquí os dejo un pack de 60 cartuchos universales de tinta BIC para pluma. Cada cartucho nos cuesta 0,08€ (horror)",darklight,https://www.chollometro.com/visit/thread/205037
82,158°,https://static.chollometro.com/threads/thread_large/default/205035_1.jpg,Chantelle DE Champs Elysees Sujetador de Copa Media 85B,"10,35€","59,95€",(-83%),Gratis,"¡¡¡Precioso sujetador rebajado a un mínimo increíble!!!! Ya siento que solo este en la talla 85B . Si miráis el precio de los otros sujetadores o tallas del postado, veréis que la…",Kata_Kroker,https://www.chollometro.com/visit/thread/205035
83,343°,https://static.chollometro.com/threads/thread_large/default/205034_1.jpg,"Varta - Cargador Para 4 Pilas Ni-MH AA/AAA, 50% Bioplástico (+4xAAA 800 MAh","9,99€",36€,(-72%),...,"Recogida gratis en tienda Varta - Cargador Para 4 Pilas Ni-MH AA/AAA, 50% Bioplástico (+4xAAA 800 MAh)REFERENCIA: 00044857 Estado: Producto Nuevo  …",Lunam,https://www.chollometro.com/visit/thread/205034
84,112°,https://static.chollometro.com/threads/thread_large/default/205033_1.jpg,"Portátil Medion Akoya S6445 Intel Core i3-8145U/4GB/128GB SSD/FHD 15.6""/W10",349€,399€,(-13%),...,"Portátil básico con procesador i3 de 8a Gen, SSD y FHD. Por ese precio no se encuentran esas características. Mismo modelo con mejores prestaciones: Con i8-8265U por 399€ https…",mamufe2,https://www.chollometro.com/visit/thread/205033
85,104°,https://static.chollometro.com/threads/thread_large/default/205032_1.jpg,Acer Predator Helios 300 PH315-51-76Q2 Intel Core i7-8750H/16GB/2TB+16GB Intel Optane/GTX1050Ti/15.6,898€,1250€,(-28%),...,"Procesador Intel® Core™ i7-8750H (6 núcleos, 2.2GHz - 4.1GHz, 9MB) Memoria 16 GB DDR4 Memory Almacenamiento 2TB HDD + 16 GB Intel Optane Unidad óptica NO Display 15.6"" FHD Acer Com…",JuanJose_EspiSanchez,https://www.chollometro.com/visit/thread/205032
86,194°,https://static.chollometro.com/threads/thread_large/default/205031_1.jpg,"Regla de 30 cm por 0,30€ (sin stock)","0,30€",...,...,...,"Regla de 30 cm. por sólo 0,30€. Temporalmente sin stock. También tenéis la escuadra por 0,49€ con envío en 1 a 3 meses aquí",Silmarwen,https://www.chollometro.com/visit/thread/205031
87,123°,https://static.chollometro.com/threads/thread_large/default/205030_1.jpg,Vaqueros rotos Find,"10,50€",35€,(-70%),Gratis,"Roto en la rodilla 98% Algodón, 2% Elastano Normal Cierre: Botones lavar a máquina - agua fría (30 ° max) Slim Denim crudo",Christian_Marcelo,https://www.chollometro.com/visit/thread/205030
88,139°,https://static.chollometro.com/threads/thread_large/default/205029_1.jpg,"Trust Urban Duet - Auriculares de botón inalámbricos con Bluetooth, Color Negro","15,83€",...,...,...,"Características principales: Estuche de carga protector con batería recargable de 500 mAh y cable de carga USB Diseño de almohadillas de silicona flexible, extraordinariamente có…",Txerra,https://www.chollometro.com/visit/thread/205029
89,111°,https://static.chollometro.com/threads/thread_large/default/205027_1.jpg,Cámara vigilancia YI 1080p (Desde España),"25,78€",40€,(-36%),...,"Oferta Flash: Cámara de vigilancia de la marca Yi, con envío desde España con Aliexpress Plaza.",Senycmc,https://www.chollometro.com/visit/thread/205027
90,196°,https://static.chollometro.com/threads/thread_large/default/205028_1.jpg,Descuentos en aspiradores,39€,59€,(-34%),...,"Aspirador ciclónico Orbegozo solo 39€ (PVP: 59€) Buen precio para este aspirador de trineo de Orbegozo. Es ciclónico, con una potencia de 700w y cuenta con filtro Hepa , ideal p…",descuentos,https://www.chollometro.com/visit/thread/205028
91,162°,https://static.chollometro.com/threads/thread_large/default/205026_1.jpg,"Ciao Velas Bruja Con Calabaza, Pack De 6 Unidades","2,99€",...,"3,99€",...,"Recogida en tienda gratis Ciao Velas Bruja Con Calabaza, Pack De 6 UnidadesREFERENCIA: 00024583 Estado: Producto Nuevo  2,99 € 11,47 € Ahorre 8,48 € Descripción d…",Lunam,https://www.chollometro.com/visit/thread/205026
92,396°,https://static.chollometro.com/threads/thread_large/default/205025_1.jpg,"Estufa catalítica llama azul, fabricación Alemana Güde 85079","62,96€",...,Gratis,...,"Hasta 4200w, dos potencias, encendido piezoeléctrico, válvula seguridad falta de oxígeno, butano y propano Accesorios incluidos: Manguera de gas, regulador de gas, portabotellas (h…",juanignacio555,https://www.chollometro.com/visit/thread/205025
93,303°,https://static.chollometro.com/threads/thread_large/default/205024_1.jpg,Mini Calibre de 80 mm por sólo 42 céntimos,"0,42€","0,99€",(-58%),Gratis,"Perfecto para uso ocasional, se trata de un producto de plástico pero si lo necesitas para medir cosas pequeñitas de forma amateur te dará el mismo resultado que uno metálico. Es…",ClearEyes,https://www.chollometro.com/visit/thread/205024
94,187°,https://static.chollometro.com/threads/thread_large/default/205023_1.jpg,Juego ASTRAL CHAIN (edición física) para Nintendo Switch,"44,85€",...,...,...,"Astral Chain (versión física) para Nintendo Switch al mejor precio que he visto hasta ahora, en el hipermercado Alcampo La Dehesa en Alcalá de Henares. A ver cuánto les dura el sto…",dagarcan,https://www.chollometro.com/visit/thread/205023
95,331°,https://static.chollometro.com/threads/thread_large/default/205022_1.jpg,"USB tipo C de Audio Jack de 3,5mm Auriculares auriculares","1,70€","2,76€",(-38%),Gratis,"CABLETIMEUSB tipo C de Audio Jack de 3,5mm Auriculares auriculares para Xiao mi Huawei Mate Pro Samsung Type-C OTG USB-C with dividir C018 por solo 1.7€ Si eres un nuevo usuario de…",shorif1,https://www.chollometro.com/visit/thread/205022
96,11°,https://static.chollometro.com/threads/thread_large/default/205020_1.jpg,Nilox Bicicleta eléctrica X2,399€,597€,(-33%),Gratis,"Descripción Nilox X2 es la bicicleta con sistema de pedaleo asistido que, gracias a su estilo refinado, te conquistará desde el primer viaje. Nilox X2 es la compañera de viaje ide…",Samarkando,https://www.chollometro.com/visit/thread/205020
97,279°,https://static.chollometro.com/threads/thread_large/default/205018_1.jpg,"Monitor Acer 24"" FHD 75hz solo 116€",116€,159€,(-27%),...,"Vuelve ahora más barato este monitor de la marca Acer. Con resolución Full HD, 75hz y 1 ms de respuesta, cuenta con AMD Freesync y un elegante soporte de tres patas que permite ah…",descuentos,https://www.chollometro.com/visit/thread/205018
98,821°,https://static.chollometro.com/threads/thread_large/default/195399_2.jpg,Pack de 12 bolígrafos de gel - Color rojo - Producto Plus Amazon,"0,95€",...,Gratis,...,"Contenido de la caja: Roller de tinta gel con bola Anchura del trazo: 0.5 mm Cantidad: 12 Color de texto: Rojo Vuelve a dejar comprar, con entrega a partir del 14 de Septiembre.…",jsotsam,https://www.chollometro.com/visit/thread/195399
99,390°,https://static.chollometro.com/threads/thread_large/default/205014_1.jpg,Philips lightstrip para que tu casa parezca un club de alterne,"51,99€",75€,(-31%),...,"Os traigo lucecitas para casa a buen precio comparado con otras veces. Creo que no es minimo histórico pero es buen precio. A mi solamente me sale para envio a casa, por lo que no…",Gavee,https://www.chollometro.com/visit/thread/205014
100,471°,https://static.chollometro.com/threads/thread_large/default/205015_1.jpg,Rompecabezas 3D casita solo 2.85€,"2,85€",7€,(-59%),...,,Chollos,https://www.chollometro.com/visit/thread/205015
101,144°,https://static.chollometro.com/threads/thread_large/default/205013_1.jpg,Estatua de Conejo Sentado para jardín (Plus),"6,50€",...,...,...,Hecho a mano con piedra real aplastada unida con resina de diseño de alta calidad. Cada pieza es individualmente pintada a mano por nuestros artesanos. Exclusivo de la marca Desi…,EugenioSC_,https://www.chollometro.com/visit/thread/205013
102,-104°,https://static.chollometro.com/threads/thread_large/default/205012_1.jpg,Stern Pinball Arcade - Nintendo Switch,"22,98€",...,...,...,Videojuego Stern Pinball Arcade para Nintendo Switch,EugenioSC_,https://www.chollometro.com/visit/thread/205012
103,755°,https://static.chollometro.com/threads/thread_large/default/205011_1.jpg,"+119 aplicaciones, juegos, utilitarios gratis (Android)",...,...,...,...,"Más de 110 aplicaciones, juegos, utilitarios gratis para Android que puedes descargar y quedártelo para siempre. He subrayado en negritas los que se publicaron hoy... Personaliza…",Rebajas,https://www.chollometro.com/ofertas/119-aplicaciones-juegos-utilitarios-gratis-android-205011
104,134°,https://static.chollometro.com/threads/thread_large/default/205010_1.jpg,"Ecovacs Deebot 901 - Robot Aspirador, mapeo inteligente láser, control con Alexa, App, Wifi, reanuda limpieza tras recarga,...","249,90€",320€,(-22%),Gratis,"La tecnología de Navegación Smart Navi 3.0 equipa a tu robot con láser, permitiéndole navegar de manera inteligente y desarrolar un mapa preciso de tu hogar Así podrás programar t…",aritzmar29,https://www.chollometro.com/visit/thread/205010
105,124°,https://static.chollometro.com/threads/thread_large/default/205009_1.jpg,Karlie Rascador Belmondo,"44,43€",...,...,...,38 x 38 x 265 cm Color Gris,EugenioSC_,https://www.chollometro.com/visit/thread/205009
106,260°,https://static.chollometro.com/threads/thread_large/default/205006_1.jpg,"Acondicionadores Aussie desde 0,80€ en Douglas","0,80€",3€,(-73%),Gratis,,Maria_jb,https://www.chollometro.com/visit/thread/205006
107,137°,https://static.chollometro.com/threads/thread_large/default/205005_1.jpg,Disfraz rodeo cowgirl,"4,37€",...,...,...,Disfraz rodeo cowgirl,sgarcia92,https://www.chollometro.com/visit/thread/205005
108,65°,https://static.chollometro.com/threads/thread_large/default/205003_1.jpg,Funko Pop Vinyl: Riverdale: Dream Sequence Veronica,10€,...,...,...,Pop! Vinilo. Riverdale Dream Sequence Veronica,EugenioSC_,https://www.chollometro.com/visit/thread/205003
109,185°,https://static.chollometro.com/threads/thread_large/default/205002_1.jpg,"Comprando hasta el 15/09 en La Sirena a traves de Glovo, 4 conos gratis de Macadamia",GRATIS,"2,49€",...,...,"Pues eso, sin minimo de compra y sin gastos de envio. Compras algo de 1€ y te regalan 1 caja de 4 conos de Vainilla Macadamia o en su defecto Brownie (2,49€), 1 bolsa isotérmica de…",Mallikos,https://www.chollometro.com/visit/thread/205002
110,288°,https://static.chollometro.com/threads/thread_large/default/205001_1.jpg,3€ de descuento en cabify en 3 viajes,-9€,...,...,...,...,B1B,https://www.chollometro.com/cupones/3-de-descuento-en-cabify-en-3-viajes-205001
111,117°,https://static.chollometro.com/threads/thread_large/default/205000_1.jpg,Disfraz hombre radiografía talla S,"8,38€","42,99€",(-81%),...,"Disfraz hombre radiografía talla S Tambien esta la talla L a 13,58€ y la talla XL a 15,28€",sgarcia92,https://www.chollometro.com/visit/thread/205000
112,269°,https://static.chollometro.com/threads/thread_large/default/204999_1.jpg,Frozen Set 6 Instrumentos Reig Musicales,"6,99€",25€,(-72%),...,"Recogida en tienda gratis Frozen Set 6 Instrumentos Reig Musicales 5382REFERENCIA: 00018168 Estado: Producto Nuevo  6,99 € Descripción de producto: Favorece la desinhib…",Lunam,https://www.chollometro.com/visit/thread/204999
113,186°,https://static.chollometro.com/threads/thread_large/default/204996_1.jpg,VADIV Lámpara Despertador Sensor Táctil Lámpara de Mesa con Ilminiación Lámpara,"14,99€","29,99€",(-50%),...,,DennyWhs2,https://www.chollometro.com/visit/thread/204996
114,306°,https://static.chollometro.com/threads/thread_large/default/204998_1.jpg,Philips NT3160/10 Recortador para Nariz y Orejas (Desde España),"9,93€",12€,(-17%),...,"Buen precio para este recortador de la marca philips, dificil verlo a este precio, para conseguirlo a este precio aplicar el siguiente cupon de tienda:",ander_alma,https://www.chollometro.com/visit/thread/204998
115,385°,https://static.chollometro.com/threads/thread_large/default/204994_1.jpg,Reloj Hugo Boss desde Amazon UK,"99,46€",165€,(-40%),Gratis,En Amazno España está a 165€. https://www.amazon.es/dp/B00I7TZV8W,ComuManager,https://www.chollometro.com/visit/thread/204994
116,320°,https://static.chollometro.com/threads/thread_large/default/204993_1.jpg,Xiaomi wowstick 19 in 1,11€,"15,30€",(-28%),Gratis,,Dharkros,https://www.chollometro.com/visit/thread/204993
117,389°,https://static.chollometro.com/threads/thread_large/default/204992_1.jpg,"Nevir NVR-8000-4K 43""",209€,319€,(-34%),...,"Televisor LED de 43"" que ofrece el máximo detalle con su increíble pantalla en resolución UHD 4K. Disfrutarás de más contenidos gracias a la tecnología MIracast integrada. Tiene un…",Chollaco,https://www.chollometro.com/visit/thread/204992
118,114°,https://static.chollometro.com/threads/thread_large/default/204990_1.jpg,Promoción 12x12 en Game,...,...,...,...,Promoción para una selección de 12 artículos con descuentos de hasta el 70% durante 12 horas. Corred que se acaba pronto!,JuanBa80,https://www.chollometro.com/visit/thread/204990
119,390°,https://static.chollometro.com/threads/thread_large/default/204991_1.jpg,Correas sexuales,"4,75€",...,Gratis,...,Por que lo llaman amor cuando quiere decir sexo.,David_MorenoTD1,https://www.chollometro.com/visit/thread/204991
120,431°,https://static.chollometro.com/threads/thread_large/default/204987_1.jpg,10% en Just Eat - Solo HOY,-10%,...,...,...,...,reytortuga,https://www.chollometro.com/cupones/10-en-just-eat-solo-hoy-204987
121,254°,https://static.chollometro.com/threads/thread_large/default/204985_1.jpg,[Starbucks] Pumpkin Spice Latte GRATIS para socios Platino,GRATIS,"4,50€",...,...,"¡Hola cholleros! Bueno, pues como todos sabemos, todavía es verano ya es otoño en Starbucks ! (:I Y pues, ¿Otoño que significa?... ¿Hojas? ¿Lluvia?. No hombre no, significa …",Marmalveg,https://www.chollometro.com/visit/thread/204985
122,102°,https://static.chollometro.com/threads/thread_large/default/204986_1.jpg,Disfraz de Marinera Pirata,"14,80€","24,99€",(-41%),...,"Incluye Disfraz de marinera pirata, Azul, con camisa, falso chaleco, falda, cinturón y b Busto 44-46"" / cintura 36-38"" / cadera 47-49"" / entrepiernas 3375"" Nuestro equipo interno…",EugenioSC_,https://www.chollometro.com/visit/thread/204986
123,123°,https://static.chollometro.com/threads/thread_large/default/204983_1.jpg,Star Wars - Imperio vs Rebelión. Juego de mesa. ,"9,94€","14,95€",(-34%),Gratis,"Reclutando para su causa a héroes como Luke Skywalker, Leia Organa y Darth Vader, cada bando deberá decidir su estrategia y superar en astucia a su oponente en los momentos crucial…",Emilio_GonzalezKXS,https://www.chollometro.com/visit/thread/204983
124,94°,https://static.chollometro.com/threads/thread_large/default/204982_1.jpg,Dollhouse PS4,"26,34€",...,...,...,Dollhouse es un juego de horror narrativo que rinde homenaje al cine noir de 1950 Escapa de tu perseguidor mientras descubres la terrible historia de tu pasado en el modo historia…,EugenioSC_,https://www.chollometro.com/visit/thread/204982
125,374°,https://static.chollometro.com/threads/thread_large/default/204981_1.jpg,Set de 43 unidades para atornillar y llaves de vaso BOSCH,"22,57€","41,14€",(-45%),Gratis,"Con puntas de 25 mm: Philips (PH1, PH2 (2x), PH3), Pozidriv (PZ1, PZ2 (2x), PZ3), Planas (SL3, SL4, SL5, SL6), Hexagonales (H3, H4, H5, H6), Torx (T10, T15, T20 (2x), T25, T27, T30…",SR_BLANCO,https://www.chollometro.com/visit/thread/204981
126,76°,https://static.chollometro.com/threads/thread_large/default/204979_1.jpg,3 unidades de Aceite facial Regenerist Luminous Olay 40 ml,"15,20€","106,20€",(-86%),Gratis,,Maria_jb,https://www.chollometro.com/visit/thread/204979
127,31°,https://static.chollometro.com/threads/thread_large/default/204980_1.jpg,Set de 15 Brocas BOSCH mixtas ( PLUS ),"6,30€","17,99€",(-65%),Gratis,"- 15 brocas para metal, piedra y madera - Incluye: 5 brocas para metal, Ø 3/4/5/6/8 mm; 5 brocas para piedra, Ø 3/4/5/6/8 mm 5 brocas para madera, Ø 3/4/5/6/8 mm Se envía sólo co…",SR_BLANCO,https://www.chollometro.com/visit/thread/204980
128,140°,https://static.chollometro.com/threads/thread_large/default/204978_1.jpg,Colchón GLOBAL CONFORT Viscoelástico 135 x 190cm,269€,...,Gratis,...,"Buen precio para este colchón viscoelástico de la marca Global Confort. Tiene unas dimensiones de 135 x 190 cm y tiene el certificado Oeko-Tex Clase 1 , que certifica la no ut…",DanteBrisingr,https://www.chollometro.com/visit/thread/204978
129,493°,https://static.chollometro.com/threads/thread_large/default/204976_1.jpg,Hasta 55% descuento en Salomon,...,...,...,...,Muy buenos precios en la marca Salomon con hasta un 55% de descuento. Disponibles para tanto para mujeres como para hombres en ropa y calzado. Envío a domicilio 4.95€ . Seleccion…,Chollos,https://www.chollometro.com/visit/thread/204976
130,185°,https://static.chollometro.com/threads/thread_large/default/204975_1.jpg,Codigo para 300 yums (al canjearlo a mi me salen 1000),...,...,...,...,,lauracoruña,https://www.chollometro.com/visit/thread/204975
131,183°,https://static.chollometro.com/merchants/avatar_web_square_1024/avatar/447_1.jpg,15% de descuento en pienso,-15%,...,...,...,...,Hoshi_,https://www.chollometro.com/cupones/15-de-descuento-en-pienso-204973
132,164°,https://static.chollometro.com/threads/thread_large/default/204972_2.jpg,Sunydeal PowerBank 26800mAh en blanco,"15,99€",...,...,...,"Bateria con potencia, barata y buenos comentarios vi. Yo ya la pillé :D",sandra.ferre,https://www.chollometro.com/visit/thread/204972
133,500°,https://static.chollometro.com/threads/thread_large/default/201734_2.jpg,Cafetera Multicápsula y Espresso,"39,95€",...,Gratis,...,"Buen precio para esta cafetera la cual es compatible con Nespresso, Dolce gusto y Coffee Express.",CIS,https://www.chollometro.com/visit/thread/201734
134,198°,https://static.chollometro.com/threads/thread_large/default/204966_2.jpg,"Xbox GOLD + Gamepass 1 MES por 0,3 EUR (BRASIL)","0,27€",10€,(-97%),...,"Con una cuenta brasileña y una trajeta credito internacional puedes obtener 1 mes por 0,3, si creas 12 cuentas distintas por menos de 3,5 EUR tendras online y game pass durante 1 a…",Tradeos_Romaldos,https://www.chollometro.com/visit/thread/204966
135,402°,https://static.chollometro.com/threads/thread_large/default/204969_2.jpg,Ryzen 5 2600 un súper ventas que sigue bajando,"117,85€","124,99€",(-6%),Gratis,"Sigue bajando el ryzen 5 2600 , estos días se podía comprar por 125 euros ,no es mucho pero podemos ahorrarnos unos eurillos de esta página . Es mi primer chollo espero hacerlo bie…",Inoxbass,https://www.chollometro.com/visit/thread/204969
136,412°,https://static.chollometro.com/threads/thread_large/default/204968_1.jpg,Led tv 32 pulgadas,99€,...,...,...,"Oferta. Por stock todo fuera, tv de 32 pulgadas a sólo 99 euros. La marca. Es ok ido no es muy conocida pero por ese precio.",Didalcor,https://www.chollometro.com/visit/thread/204968
137,274°,https://static.chollometro.com/threads/thread_large/default/204836_1.jpg,Auriculares PIONEER Liquidación 50% FNAC,"9,99€","19,95€",(-50%),...,"Buen precio para estos auriculares Pioneer,marca de gran calidad por 10 euritos,modelo SE-MJ722T plegable,color blanco y micrófono incorporado.Envío gratuito para socios Fnac,recog…",Evil_Ash,https://www.chollometro.com/visit/thread/204836
138,-9°,https://static.chollometro.com/threads/thread_large/default/204963_1.jpg,KOLDBY alfombra de vaca,99€,199€,(-50%),...,"En IKEA Valencia, oferta solo en tienda física. Hay varios colores.",Moment_HF,https://www.chollometro.com/ofertas/koldby-alfombra-de-vaca-204963
139,280°,https://static.chollometro.com/threads/thread_large/default/204965_1.jpg,Nvidia RTX 2080 Super,650€,800€,(-19%),Gratis,Mínimo para esta Nvidia RTX 2080. Se trata del modelo PNY Geforce Super Soplador que cuenta con 8GB de memoria y un sistema de refrigeración con 1 ventilador de turbina que evita q…,SmackCristian,https://www.chollometro.com/visit/thread/204965
140,217°,https://static.chollometro.com/threads/thread_large/default/204964_1.jpg,"Olimpia Climatizador Portátil 8.000 BTU/h, 2,1 kW (Reaco)","152,89€",250€,(-39%),...,"Buen precio para este climatizador Portátil 8.000 BTU/h, 2,1 kW yu Gas natural R290 nuevo nos costaría 299€",ander_alma,https://www.chollometro.com/visit/thread/204964
141,475°,https://static.chollometro.com/threads/thread_large/default/163674_1.jpg,Figura coleccionista NOMAD Ghost recon wildlands.,"33,99€",118€,(-71%),...,"Figura de NOMAD pintada a mano. NO INCLUYE JUEGO. Vienen parches, caja metálica, y una litografía exclusiva. Solo aplicad el código NOMAD y se quedará a 33,99€. Una ganga. Suele …",victor861,https://www.chollometro.com/visit/thread/163674
142,388°,https://static.chollometro.com/threads/thread_large/default/126817_1.jpg,For Honor Apollyon Edition PVC Statue 35 cm (GAME NOT INCLUDED),"44,99€",116€,(-61%),...,"Talla tu propio camino de destrucción con la Edición For Honor Apollyon! Perfora la niebla de la guerra y únete a Caballeros audaces, Vikingos brutales y Samurai mortales mientras …",Casendel,https://www.chollometro.com/visit/thread/126817
143,192°,https://static.chollometro.com/threads/thread_large/default/204959_2.jpg,Logitech G Pro Ratón Gaming Inalámbrico 16000DPI Negro,"56,99€","154,99€",(-63%),...,La primera vez que se ha visto un precio tan bajo en un ratón de características similares.,Artzy_,https://www.chollometro.com/visit/thread/204959
144,-175°,https://static.chollometro.com/threads/thread_large/default/204960_1.jpg,[Pack de 6] MISTOL Lavavajillas Mano concentrado Ultra Plus Botella 650 ml,"10,08€",...,...,...,pack mas que interesante de mistol ;) En otros amazones este pack cuesta solo .. 24 € y eso sin tener en cuesta gastos de envio Espero que os sea util,ChicaMala,https://www.chollometro.com/visit/thread/204960
145,136°,https://static.chollometro.com/threads/thread_large/default/204958_1.jpg,Corsair Vengeance LED - RAM 64 GB (4x16GB),"345,99€",...,...,...,Módulos iluminados con tecnología LED para una mejor apariencia del sistema y mayor integración con el diseño completo Disipadores de aluminio anodizado: mejora la transmisión de …,EugenioSC_,https://www.chollometro.com/visit/thread/204958
146,154°,https://static.chollometro.com/threads/thread_large/default/204957_1.jpg,ADATA 16GB DDR4 2400MHz XPG Z1,"74,14€",...,...,...,"Extreme Performance Gaming memoria DDR4, soporta procesadores Intel Core i7 Haswell-E hedt y la plataforma X99 20% de reducción en el consumo de energía en comparación con la DDR3…",EugenioSC_,https://www.chollometro.com/visit/thread/204957
147,129°,https://static.chollometro.com/threads/thread_large/default/204955_1.jpg,Gafas de realidad virtual Myway,7€,"24,95€",(-72%),...,"Se encuentran en el Alcampo de Alcobendas, Madrid",Kiko_Abarca,https://www.chollometro.com/ofertas/gafas-de-realidad-virtual-myway-204955
148,136°,https://static.chollometro.com/threads/thread_large/default/204874_1.jpg,Auriculares para niños Mpow CH5,"8,99€",11€,(-18%),Gratis,,Sprivados,https://www.chollometro.com/visit/thread/204874
149,610°,https://static.chollometro.com/threads/thread_large/default/204953_1.jpg,Papel Higiénico Trump,"1,37€","1,83€",(-25%),Gratis,"Metido en Aliexpress me ha salido este curioso artículo (no preguntéis por qué, porque ni yo lo se). Os lo dejo por aquí por si os apetece limpiaros el culo con la cara de Trump :)…",SmackCristian,https://www.chollometro.com/visit/thread/204953
150,182°,https://static.chollometro.com/threads/thread_large/default/204951_1.jpg,Memoria Flash USB SanDisk Ultra Dual,"11,30€",17€,(-34%),Gratis,"Buen precio para este PenDrive con conexión USB 3.0, y también a través del OTG del teléfono o tableta Android. La capacidad es de 64GB y tiene gestión prime :) OJO: es micro-u…",SmackCristian,https://www.chollometro.com/visit/thread/204951
151,194°,https://static.chollometro.com/threads/thread_large/default/204949_1.jpg,Powerbank solar 20000 mAh,"8,83€","11,04€",(-20%),...,"Powerbank con capacidad de 20.000 mAh, solar y resistente a salpicaduras del agua, con carga rápida, con doble puerto USB, y linterna, varios colores a elegir, también disponible …",SmackCristian,https://www.chollometro.com/visit/thread/204949
152,396°,https://static.chollometro.com/threads/thread_large/default/204948_2.jpg,2x1 En ratones,...,...,...,...,"Esta tienda de amazon nos ofrece 2x1 en ratones, justo debajo del precio hay una opción que pone promoción 0€ y ahí le dais a añadir ambos y os añade dos ratones, uno inhalámbrico …",angelcmg19,https://www.chollometro.com/visit/thread/204948
153,388°,https://static.chollometro.com/threads/thread_large/default/204947_1.jpg,Cámara deportiva,9€,20€,(-55%),Gratis,"Cámara deportiva con resolución FHD 1080p. Incluye una carcasa de protección y al disponer de conexión WiFi, la puedes controlar desde el teléfono. Soporta microSD de hasta 32GB y …",SmackCristian,https://www.chollometro.com/visit/thread/204947
154,471°,https://static.chollometro.com/threads/thread_large/default/204944_1.jpg,"9 cajas de Dolce Gusto por 19,50€ (2,17€ la caja) o 12 cajas por 28€ y recogida incluida (2,33€ la caja)","19,50€",30€,(-35%),...,"Otro preciazo con el cupón DESPENSADTO , esta vez es para las cápsulas Dolce Gusto. Tenemos este pack a 8,50€ compuesto por 2 cajas de café con leche y 1 caja de Ristretto Barista…",jfam,https://www.chollometro.com/visit/thread/204944
155,276°,https://static.chollometro.com/threads/thread_large/default/204946_1.jpg,Disfraz de hombre steampunk,"6,56€","36,41€",(-82%),...,Disfraz de hombre steampunk,sgarcia92,https://www.chollometro.com/visit/thread/204946
156,249°,https://static.chollometro.com/threads/thread_large/default/204943_1.jpg,Nintendo Switch Pro Controller Gamepad ,"49,50€","64,99€",(-24%),Gratis,"El mando tiene unas medidas aproximadas de 106 mm x 152 mm x 60 mm y un peso de 246 g. Cuenta con: Bluetooth 3.0, NFC (near-field communication) Acelerómetro, giroscopio Vibración…",ComuManager,https://www.chollometro.com/visit/thread/204943
157,114°,https://static.chollometro.com/threads/thread_large/default/204942_1.jpg,Mars Gaming MM218,"14,65€","17,95€",(-18%),...,Bajada de precio para este raton de la marca Mars gaming que cuenta con 10000dpi y un sensor optico e iluminación Chroma RGB.,ander_alma,https://www.chollometro.com/visit/thread/204942
158,376°,https://static.chollometro.com/threads/thread_large/default/204941_1.jpg,Samsung 32gb Evo Plus,"5,90€","9,90€",(-40%),...,Tarjeta micro sd Samsung evo plus 32Gb + adaptador en carrefour. Visto en el del pinar de la rozas. Parece que está disponible en todos ;),GuilleGs,https://www.chollometro.com/ofertas/samsung-32gb-evo-plus-204941
159,90°,https://static.chollometro.com/threads/thread_large/default/204940_1.jpg,Especial Sudadaderas en Zavvi desde 18.99€,"18,99€",...,Gratis,...,"Hoy os traigo un chollito de sudaderas con y sin capucha en Zavvi. Sudadera sin capucha 18,99 + envio gratis Sudadera con capucha 20,99 € + envío gratis",ander_alma,https://www.chollometro.com/visit/thread/204940
160,308°,https://static.chollometro.com/threads/thread_large/default/204938_1.jpg,Septiembre: 1 semana en Tenerife por 85€ persona,...,...,...,...,Oferta para Septiembre. 1 semana en Tenerife para 2 personas por sólo 170€ la semana. A sólo 85€ persona. Precio encontrado del 23 al 30 de SEPTIEMBRE. El vuelo ahora mismo esta po…,Didalcor,https://www.chollometro.com/visit/thread/204938
161,306°,https://static.chollometro.com/threads/thread_large/default/204937_1.jpg,"TV LED 60'' LG 60UM7100P, UHD 4K, Smart TV",599€,799€,(-25%),...,"En el folleto de Carrefour del 11 al 23 de Septiembre. Características: Resolución:4K UHD Tamaño de Pantalla:152,4 cm - 60"" Tecnología de frecuencia:4K Upscaler Smart TV:Si Curv…",drimpresion,https://www.chollometro.com/ofertas/tv-led-60-lg-60um7100p-uhd-4k-smart-tv-204937
162,527°,https://static.chollometro.com/threads/thread_large/default/204936_1.jpg,"Metro y Tram GRATIS Valencia, Alicante y Castellón",...,...,...,...,"La Generalitat Valenciana facilitará el domingo, 22 de septiembre, servicio de Metro gratuito en Metrovalencia, TRAM d´Alacant y TRAM de Castelló para celebrar el …",Evil_Ash,https://www.chollometro.com/visit/thread/204936
163,245°,https://static.chollometro.com/threads/thread_large/default/204935_1.jpg,"Zapatillas oficiales Munich desde 29,99€ en la App Privalia","29,99€",...,"3,95€",...,Disponible en la App de Privalia #MunichBaratas,Mr...,https://www.chollometro.com/ofertas/zapatillas-oficiales-munich-desde-2999-en-la-app-privalia-204935
164,351°,https://static.chollometro.com/threads/thread_large/default/204934_1.jpg,Aspiradora Escoba Xiaomi Roidmi F8(Desde españa),"182,15€",230€,(-21%),Gratis,Hay que aplicar el cupón del vendedor El aspirador es el modelo con enchufe europeo y viene desde un almacén en España. El mismo en Amazon cuesta 259€ de oferta,Benat_.,https://www.chollometro.com/visit/thread/204934
165,355°,https://static.chollometro.com/threads/thread_large/default/204794_1.jpg,Taladro atornillador percutor Inalámbrico 18V con 14 accesorios,"29,99€",42€,(-29%),Gratis,,Sprivados,https://www.chollometro.com/visit/thread/204794
166,211°,https://static.chollometro.com/threads/thread_large/default/204932_1.jpg,Disfraz de nobiluomo veneciano,"7,13€","60,35€",(-88%),...,Disfraz de nobiluomo veneciano,sgarcia92,https://www.chollometro.com/visit/thread/204932
167,187°,https://static.chollometro.com/threads/thread_large/default/204933_1.jpg,"Asus PG258Q monitor Gaming 25"" 469€",469€,569€,(-18%),...,"Preciazo para este monitor gaming Asus ROG PG258Q, dispone de una tasa de refresco de 240hz, un tiempo de respuesta de 1ms y tecnología G-Sync. Diseño ergonómico, regulable en alt…",descuentos,https://www.chollometro.com/visit/thread/204933
168,291°,https://static.chollometro.com/threads/thread_large/default/204931_1.jpg,Menú Grande Taco Bell - Deliveroo,"5,95€","8,85€",(-33%),...,"Después de las vacaciones, disfrutar de los menús a lo grande te va a costar muy poco. Porque desde el 9 de septiembre al 7 de octubre todos los menús grandes por 5,95€ en Delivero…",JCases,https://www.chollometro.com/ofertas/menu-grande-tabo-bell-deliveroo-204931
169,150°,https://static.chollometro.com/threads/thread_large/default/204930_1.jpg,SALTA DE FELICIDAD . 10 % de descuento .,-10%,...,...,...,...,PepeEntrena,https://www.chollometro.com/cupones/salta-de-felicidad-10-de-descuento-204930
170,406°,https://static.chollometro.com/threads/thread_large/default/204928_1.jpg,Juegos mentales PRO (Android),GRATIS,"3,09€",...,...,Te quedas para siempre la versión ilimitada y sin publicidad de la popular aplicación para entrenar el cerebro. ¡Ejercita tu cerebro! Juegos mentales profesionales es una excel…,Rebajas,https://www.chollometro.com/visit/thread/204928
171,193°,https://static.chollometro.com/threads/thread_large/default/204927_1.jpg,KIT 3 HERRAMIENTAS 3x39€,"35,92€",...,Gratis,...,,nopedo,https://www.chollometro.com/visit/thread/204927
172,447°,https://static.chollometro.com/threads/thread_large/default/204926_2.jpg,"CORSAIR GLAIVE RGB solo 39,9€","39,90€",55€,(-27%),...,"Preciazo para este ratón de Corsair, el Glaive RGB es un ratón para juegos, con sensor óptico de 16.000 DPI, incorpora almacenamiento interno de perfiles guarda efectos de ilumina…",Destrangis,https://www.chollometro.com/visit/thread/204926
173,5°,https://static.chollometro.com/threads/thread_large/default/204924_1.jpg,VIBOX Precision 6S Gaming PC con War Thunder DLC,"257,91€","729,95€",(-65%),...,"Cupón de juego de warthunder dlc de 30€, garantía de por vida vibox evolution Radeon r5 gráficos chip Amd a6-9500 dual 2-core am4 apu/cpu 1000 gb (1 tb) disco duro (sata-iii 6.0…",EugenioSC_,https://www.chollometro.com/visit/thread/204924
174,587°,https://static.chollometro.com/threads/thread_large/default/204923_1.jpg,Colchoneta hinchable rinoceronte con asa,"2,88€",35€,(-92%),...,"Va terminando el verano y comienzan a bajar algunos precios de los hinchables, buena ocasión para pillarlos de cara al próximo verano o lo que queda de este. Burgos | 2.88€ …",Rebajas,https://www.chollometro.com/visit/thread/204923
175,183°,https://static.chollometro.com/threads/thread_large/default/204922_1.jpg,Tarjetero con bloqueo RFID,"5,38€","7,99€",(-33%),...,¿Está buscando un tarjetero para tarjetas de crédita confiable para que su información se mantenga segura? Nuestro tarjetero con bloqueo de RFID puede protegerlo contra el fraude …,Altaner,https://www.chollometro.com/visit/thread/204922
176,137°,https://static.chollometro.com/threads/thread_large/default/204921_1.jpg,Ordenador sobremesa todo en uno Lenovo Ideacentre AIO 910-27ISH,975€,1105€,(-12%),Gratis,"Pantalla de 27"" Full HD, 1920x1080 pixeles Procesador Intel Core i5-6400T, QuadCore, 2.2Ghz hasta 2.8Ghz, 6MB Memoria RAM de 8GB DDR4, 2133Mhz Almacenamiento de 1TB HDD, 5400RPM…",C_RX,https://www.chollometro.com/visit/thread/204921
177,303°,https://static.chollometro.com/threads/thread_large/default/204918_1.jpg,AMD Ryzen 5 2400G,"108,79€",130€,(-16%),Gratis,Buen procesador con graficos integrados equivalente a una 1030,simon99,https://www.chollometro.com/visit/thread/204918
178,305°,https://static.chollometro.com/threads/thread_large/default/204920_1.jpg,"Auriculares Inalámbrico de Diadema, Mixcder HD901 Cascos Bluetooth 4.2, Cascos Inalambricos Plegable con Micrófono Incorporado","21,24€","59,99€",(-65%),Gratis,"Auriculares Bluetooth Versátiles】 El Mixcder HD901 no solo se puede usar por cable o inalámbrico a través de Bluetooth v4.2, sino también por la tarjeta TF. (MODO DE JUEGO D…",manuel.cartamilinsua,https://www.chollometro.com/visit/thread/204920
179,340°,https://static.chollometro.com/threads/thread_large/default/204919_1.jpg,SEPTIEMBRE 3 días en Sant Carles de la Rápita en hotel 4* con Pensión Completa,75€,...,...,...,"3 días y 2 noches en el Hotel La Rápita 4 * (7.9 en booking.com) que está situado a 200 metros de la playa, en régimen de Pensión completa (2 desayunos + 2 comidas + 2 cenas por…",cazaviajes,https://www.chollometro.com/visit/thread/204919
180,409°,https://static.chollometro.com/threads/thread_large/default/204916_1.jpg,Bombilla LED WiFi inteligente rgb,"5,99€",...,Gratis,...,"Compatible con Alexa y Asistente de Google Es una bombilla ""Magic Home Pro"" habilitada para Wi-Fi, con control de encendido / apagado, brillo de luz, colores RGB, opción de modos…",Raul_-d87f0.5303194,https://www.chollometro.com/visit/thread/204916
181,271°,https://static.chollometro.com/threads/thread_large/default/204914_1.jpg,Máscarilla Pantene Color Protect Formato 200 ml + 50% gratis.,"1,60€","3,99€",(-60%),Gratis,,Maria_jb,https://www.chollometro.com/visit/thread/204914
182,428°,https://static.chollometro.com/threads/thread_large/default/204912_1.jpg,"Televisor Sony XF70 49"" 4K HDR","479,40€",799€,(-40%),...,"Televisor 49 ""4K HDR Sony fx70 Televisor que aparentemente tiene muy buena relación calidad precio. En la web de Sony sale a 899 €. paso en enlace para más info de la tv. OFERTA…",CowboyFromHell,https://www.chollometro.com/ofertas/televisor-sony-xf70-49-4k-hdr-204912
183,288°,https://static.chollometro.com/threads/thread_large/default/204909_1.jpg,"Calvin Klein Euphoria - Agua de perfume para mujer, 100 ml",34€,...,...,...,"Calvin Klein Euphoria - Agua de perfume para mujer, 100 ml ;) Activa la compra recurrente y ahorra hasta un 5%. • Sin coste adicional • Envío gratuito • Cancela cuando quieras…",Gerson3,https://www.chollometro.com/visit/thread/204909
184,1348°,https://static.chollometro.com/threads/thread_large/default/204911_2.jpg,Sony PlayStation Classic,25€,35€,(-29%),...,"Disponible en pccomponentes a buen precio Una recreación compacta de la consola PlayStation original, precargada con 20 juegos clásicos. Revive los momentos que cambiaron pa…",Chollaco,https://www.chollometro.com/visit/thread/204911
185,553°,https://static.chollometro.com/threads/thread_large/default/204908_1.jpg,Recopilación 11 Juegos GRATIS para Android,GRATIS,40€,...,Gratis,"The Project Archery 0,99€ Shooting Star Rhythm Game 1,09€ Motorsport Manager Mobile 3 Cash Knight Ruby Special Magnet Balls …",Borja,https://www.chollometro.com/visit/thread/204908
186,472°,https://static.chollometro.com/threads/thread_large/default/204906_1.jpg,Teclado Dakkar semi-mecánico solo 14.9€,"14,90€",40€,(-63%),...,Preciazo para este teclado Qwerty semi mecánico Konix Drakkar Bifrost. Cuenta con 12 teclas multimedia y 26 anti Ghosting. Dipone de retroiluminación Led en color rojo. En otras t…,Chollos,https://www.chollometro.com/visit/thread/204906
187,112°,https://static.chollometro.com/threads/thread_large/default/204900_1.jpg,(Foodfilin) 15% de descuento en pedido,-15%,...,...,Foodfilin,...,lsoler90,https://www.chollometro.com/cupones/foodfilin-15-de-descuento-en-pedido-204900
188,165°,https://static.chollometro.com/threads/thread_large/default/204902_1.jpg,iRobot Roomba e5154,299€,499€,(-40%),...,"El sistema AeroForce en 3 fases proporciona una succión 5 veces superior para una limpieza en profundidad que aspira suciedad, restos y pelos incrustados (comparado con el sistema …",Radok,https://www.chollometro.com/visit/thread/204902
189,271°,https://static.chollometro.com/threads/thread_large/default/204901_1.jpg,Productos Lékué Oferta flash,"15,99€","24,90€",(-36%),...,"Lékué Quick Pasta 15.99€ ( 24.90€ ) Lékué Kit Ovo 10.50€( 14.90€ ) Lékué Tortilla francesa 9.5€( ) Lékué - Vaporera plegable 1 nivel, color verde 19.99€(",Senycmc,https://www.chollometro.com/visit/thread/204901
190,137°,https://static.chollometro.com/threads/thread_large/default/204899_1.jpg,iRobot Braava 390T,199€,349€,(-43%),...,"Robot friegasuelos: friega y barre cada día y sin esfuerzo, con la marca de referencia en robots de limpieza para el hogar Con 2 modos de limpieza: utiliza paños de microfibra húm…",Radok,https://www.chollometro.com/visit/thread/204899
191,171°,https://static.chollometro.com/threads/thread_large/default/204898_1.jpg,[UBER EATS] Envío GRATIS solo SANTITA,Gratis,...,...,...,...,Raulelena,https://www.chollometro.com/cupones/uber-eats-envio-gratis-solo-santita-204898
192,366°,https://static.chollometro.com/threads/thread_large/default/204804_1.jpg,Enchufe Inteligente impermeable con wifi (compatible con Alexa),"19,71€",28€,(-30%),Gratis,,Sprivados,https://www.chollometro.com/visit/thread/204804
193,195°,https://static.chollometro.com/threads/thread_large/default/204897_1.jpg,[UBER EATS] Envío GRATIS solo para BLOOM,Gratis,...,...,...,...,Raulelena,https://www.chollometro.com/cupones/uber-eats-envio-gratis-solo-para-bloom-204897
194,459°,https://static.chollometro.com/threads/thread_large/default/204893_1.jpg,"Led Lg 55"" - 4K- LG 55UK6300MLB por menos de 400 euros",399€,...,...,...,Hola compis elegistas :) :p Muy buena esta oferta de este LED de LG de 55 pulgadas por tan solo 399 eurillos desde españa y en menos de una semanita lo tienes en casa (y) LG Ul…,INDIANAYONS,https://www.chollometro.com/visit/thread/204893
195,192°,https://static.chollometro.com/threads/thread_large/default/204896_1.jpg,Auriculares TaoTronics bluetooth 5.0 31.9€,"31,90€",53€,(-40%),...,,descuentos,https://www.chollometro.com/visit/thread/204896
196,164°,https://static.chollometro.com/threads/thread_large/default/204895_1.jpg,"STRIPE - Camiseta estampada GANT 19,95 euro","19,95€","38,95€",(-49%),...,"STRIPE - Camiseta estampada GANT 19,95 euro GANT 8) Detalles: COMPOSICIÓN Y CUIDADOS Material exterior: 100% algodón Material/composición: Jersey Cuidados: Lavar a máquina …",josvandenspek,https://www.chollometro.com/visit/thread/204895
197,291°,https://static.chollometro.com/threads/thread_large/default/204894_1.jpg,[UBER EATS] Envio GRATIS solo Masterchef,Gratis,...,...,...,...,Raulelena,https://www.chollometro.com/cupones/uber-eats-envio-gratis-solo-masterchef-204894
198,176°,https://static.chollometro.com/threads/thread_large/default/204892_1.jpg,HUB de 4 puertos USB 3.0,4€,"6,65€",(-40%),...,"Chollito para este HUB de 4 puertos USB, perfecto para poder ampliar los puertos USB del ordenador y poder enchufar varias cosas simultaneamente.",ander_alma,https://www.chollometro.com/visit/thread/204892
199,309°,https://static.chollometro.com/threads/thread_large/default/204861_1.jpg,Mochila mediana 24L Roxy 2 colores,16€,39€,(-59%),Gratis,Tejido: tejido duradero de poliéster estampado (600D) Compartimentos/cierre: un compartimento principal con cierre de cremallera Bolsillo frontal con media cremallera Cinchas/ac…,surfy,https://www.chollometro.com/visit/thread/204861
